win,lose,probability
Cleveland Cavaliers,New York Knicks,0.911010678266
Golden State Warriors,San Antonio Spurs,0.731830024753
Portland Trail Blazers,Utah Jazz,0.74590525294
Boston Celtics,Brooklyn Nets,0.890509239743
Indiana Pacers,Dallas Mavericks,0.651402546873
Houston Rockets,Los Angeles Lakers,0.689092151377
Memphis Grizzlies,Minnesota Timberwolves,0.660551493355
Charlotte Hornets,Milwaukee Bucks,0.562990692436
New Orleans Pelicans,Denver Nuggets,0.638408156478
Miami Heat,Orlando Magic,0.585626574771
Oklahoma City Thunder,Philadelphia 76ers,0.899441234444
Phoenix Suns,Sacramento Kings,0.502648941942
Toronto Raptors,Detroit Pistons,0.784340347013
Atlanta Hawks,Washington Wizards,0.705354151125
Chicago Bulls,Boston Celtics,0.528366986836
Portland Trail Blazers,Los Angeles Clippers,0.67153015548
San Antonio Spurs,Sacramento Kings,0.709620881158
Indiana Pacers,Brooklyn Nets,0.694446538705
Dallas Mavericks,Houston Rockets,0.600919381006
Detroit Pistons,Orlando Magic,0.715336141512
Miami Heat,Charlotte Hornets,0.669447525814
Golden State Warriors,New Orleans Pelicans,0.808158069117
Oklahoma City Thunder,Phoenix Suns,0.923374843425
Cleveland Cavaliers,Toronto Raptors,0.531314665864
Utah Jazz,Los Angeles Lakers,0.794007515261
Chicago Bulls,Indiana Pacers,0.568565343475
Charlotte Hornets,Boston Celtics,0.650588400479
Cleveland Cavaliers,Orlando Magic,0.902718188099
Portland Trail Blazers,Denver Nuggets,0.642330674131
Milwaukee Bucks,Brooklyn Nets,0.776417692262
New York Knicks,Memphis Grizzlies,0.551041151792
Atlanta Hawks,Philadelphia 76ers,0.810655544557
Sacramento Kings,Minnesota Timberwolves,0.657982881841
San Antonio Spurs,New Orleans Pelicans,0.910910122806
Detroit Pistons,Milwaukee Bucks,0.78112522007
Houston Rockets,Dallas Mavericks,0.61554951473
Los Angeles Clippers,Utah Jazz,0.702699011712
Memphis Grizzlies,Washington Wizards,0.518505651031
San Antonio Spurs,Miami Heat,0.500398889662
Oklahoma City Thunder,Los Angeles Lakers,0.925901464208
Golden State Warriors,Phoenix Suns,0.847946297709
Atlanta Hawks,Sacramento Kings,0.788302238616
Chicago Bulls,Brooklyn Nets,0.721776927133
Los Angeles Clippers,Phoenix Suns,0.856176439239
Toronto Raptors,Denver Nuggets,0.871777855524
Cleveland Cavaliers,Houston Rockets,0.857242133458
Detroit Pistons,New York Knicks,0.734910921064
Indiana Pacers,Los Angeles Lakers,0.844616630445
Miami Heat,Sacramento Kings,0.801606551166
Minnesota Timberwolves,Memphis Grizzlies,0.662975249831
New Orleans Pelicans,Milwaukee Bucks,0.631213374149
Orlando Magic,Philadelphia 76ers,0.721251996723
Golden State Warriors,Portland Trail Blazers,0.533442452652
San Antonio Spurs,Utah Jazz,0.83137164518
Atlanta Hawks,Los Angeles Lakers,0.852754642033
Boston Celtics,Chicago Bulls,0.645151734264
Detroit Pistons,Brooklyn Nets,0.648154442883
Charlotte Hornets,Philadelphia 76ers,0.932560040445
Los Angeles Clippers,Oklahoma City Thunder,0.508421923123
Memphis Grizzlies,New Orleans Pelicans,0.674136293323
Houston Rockets,New York Knicks,0.582436006959
Portland Trail Blazers,Phoenix Suns,0.75029747693
Utah Jazz,Dallas Mavericks,0.569907998328
Toronto Raptors,Washington Wizards,0.535211913234
Cleveland Cavaliers,Boston Celtics,0.833624218694
Golden State Warriors,Oklahoma City Thunder,0.742131678179
Indiana Pacers,Milwaukee Bucks,0.530199331727
Minnesota Timberwolves,Denver Nuggets,0.722315735011
Orlando Magic,Sacramento Kings,0.645408457998
Charlotte Hornets,Brooklyn Nets,0.721789291472
Chicago Bulls,New York Knicks,0.695951852165
Portland Trail Blazers,Dallas Mavericks,0.540364504822
Golden State Warriors,Los Angeles Lakers,0.879252445154
Los Angeles Clippers,Memphis Grizzlies,0.590067203243
New Orleans Pelicans,Phoenix Suns,0.667407077088
Toronto Raptors,Miami Heat,0.666982883876
San Antonio Spurs,Utah Jazz,0.620190682165
Washington Wizards,Atlanta Hawks,0.59831575478
Atlanta Hawks,Houston Rockets,0.684608866984
Detroit Pistons,Denver Nuggets,0.786385090704
Indiana Pacers,Chicago Bulls,0.636619354467
Milwaukee Bucks,Sacramento Kings,0.607632119353
Oklahoma City Thunder,Minnesota Timberwolves,0.903228476099
Orlando Magic,Washington Wizards,0.539199583779
Cleveland Cavaliers,Philadelphia 76ers,0.931569071182
San Antonio Spurs,Los Angeles Clippers,0.774448426875
Boston Celtics,Denver Nuggets,0.827181225065
Dallas Mavericks,Milwaukee Bucks,0.767690730673
Los Angeles Lakers,Phoenix Suns,0.537230160963
Portland Trail Blazers,Memphis Grizzlies,0.644498454806
Utah Jazz,New York Knicks,0.577229847719
Toronto Raptors,Sacramento Kings,0.837453567465
Chicago Bulls,Orlando Magic,0.674773353866
Charlotte Hornets,Indiana Pacers,0.68654949383
Golden State Warriors,New Orleans Pelicans,0.931692874716
Los Angeles Clippers,Detroit Pistons,0.736962664778
Oklahoma City Thunder,Miami Heat,0.757475933706
Utah Jazz,Philadelphia 76ers,0.796496367311
Washington Wizards,Houston Rockets,0.614630659211
Minnesota Timberwolves,Brooklyn Nets,0.528164106431
Cleveland Cavaliers,Atlanta Hawks,0.84866947413
Dallas Mavericks,Los Angeles Lakers,0.707302428046
Memphis Grizzlies,Denver Nuggets,0.688522470317
Portland Trail Blazers,Phoenix Suns,0.88085974176
Sacramento Kings,New Orleans Pelicans,0.671619374915
Atlanta Hawks,Chicago Bulls,0.651151629222
Charlotte Hornets,Utah Jazz,0.695091747819
Golden State Warriors,Dallas Mavericks,0.855172610253
Indiana Pacers,Philadelphia 76ers,0.926605743627
Los Angeles Clippers,Portland Trail Blazers,0.566529764014
New York Knicks,Brooklyn Nets,0.733889649122
Oklahoma City Thunder,Toronto Raptors,0.71831809666
Orlando Magic,Minnesota Timberwolves,0.678920910567
Detroit Pistons,Phoenix Suns,0.583623138362
San Antonio Spurs,Houston Rockets,0.828354525912
Washington Wizards,Boston Celtics,0.570963337006
Golden State Warriors,Denver Nuggets,0.76921401623
Miami Heat,Chicago Bulls,0.669461150707
Milwaukee Bucks,New Orleans Pelicans,0.656665677048
Sacramento Kings,Los Angeles Lakers,0.720323614987
Boston Celtics,New York Knicks,0.782822668799
Charlotte Hornets,Toronto Raptors,0.548537361468
Oklahoma City Thunder,Los Angeles Clippers,0.769169332845
Orlando Magic,Utah Jazz,0.52013875586
Indiana Pacers,Philadelphia 76ers,0.802902506224
Portland Trail Blazers,Sacramento Kings,0.831347793221
San Antonio Spurs,Detroit Pistons,0.853889344812
Cleveland Cavaliers,Washington Wizards,0.680988390907
Atlanta Hawks,Philadelphia 76ers,0.930801486053
Chicago Bulls,Washington Wizards,0.596888808565
Denver Nuggets,Detroit Pistons,0.544144860155
San Antonio Spurs,Houston Rockets,0.574719480379
Indiana Pacers,Boston Celtics,0.629626133164
Miami Heat,Utah Jazz,0.706417454269
Milwaukee Bucks,Memphis Grizzlies,0.607148489675
Los Angeles Clippers,Minnesota Timberwolves,0.550201862338
New Orleans Pelicans,Los Angeles Lakers,0.675406938066
Phoenix Suns,Brooklyn Nets,0.693840761642
Toronto Raptors,New York Knicks,0.836605081535
Cleveland Cavaliers,Charlotte Hornets,0.837749806032
Golden State Warriors,Phoenix Suns,0.943067738032
Minnesota Timberwolves,Los Angeles Lakers,0.754036749107
Oklahoma City Thunder,Orlando Magic,0.878602523572
Portland Trail Blazers,Denver Nuggets,0.866756273262
Oklahoma City Thunder,Detroit Pistons,0.579057974781
Houston Rockets,Philadelphia 76ers,0.915380330375
Indiana Pacers,Orlando Magic,0.758940187656
Los Angeles Clippers,Brooklyn Nets,0.898989154489
Boston Celtics,New Orleans Pelicans,0.605785565583
Dallas Mavericks,New York Knicks,0.603296947213
San Antonio Spurs,Miami Heat,0.762940033649
Utah Jazz,Memphis Grizzlies,0.712093933142
Cleveland Cavaliers,Toronto Raptors,0.76578643134
Los Angeles Lakers,Brooklyn Nets,0.634448898485
Miami Heat,Atlanta Hawks,0.68746852486
Charlotte Hornets,Minnesota Timberwolves,0.503017213234
Portland Trail Blazers,Chicago Bulls,0.711892407761
Atlanta Hawks,Milwaukee Bucks,0.826504571578
Boston Celtics,Dallas Mavericks,0.659773318155
Denver Nuggets,Phoenix Suns,0.717214918647
Cleveland Cavaliers,Indiana Pacers,0.6256235826
Los Angeles Clippers,Memphis Grizzlies,0.798424070109
Detroit Pistons,New York Knicks,0.535279832343
Oklahoma City Thunder,Houston Rockets,0.824050471574
Orlando Magic,New Orleans Pelicans,0.692113219219
Washington Wizards,Philadelphia 76ers,0.783811282936
San Antonio Spurs,Sacramento Kings,0.709620881158
Golden State Warriors,Toronto Raptors,0.522429259315
Portland Trail Blazers,Houston Rockets,0.503491719654
Miami Heat,Milwaukee Bucks,0.837901715455
Minnesota Timberwolves,Philadelphia 76ers,0.876852291901
Utah Jazz,Chicago Bulls,0.554034865743
Washington Wizards,New York Knicks,0.731115023764
Golden State Warriors,Boston Celtics,0.608441861892
Charlotte Hornets,Atlanta Hawks,0.675747352532
Cleveland Cavaliers,Detroit Pistons,0.879106679256
Dallas Mavericks,Memphis Grizzlies,0.720502815997
Toronto Raptors,Denver Nuggets,0.650738601839
Indiana Pacers,Phoenix Suns,0.839797910083
San Antonio Spurs,Los Angeles Lakers,0.839451400673
Portland Trail Blazers,New Orleans Pelicans,0.694173043806
Oklahoma City Thunder,Brooklyn Nets,0.947412877227
Los Angeles Clippers,Sacramento Kings,0.592830241628
Detroit Pistons,Boston Celtics,0.575708049743
Houston Rockets,Utah Jazz,0.640724486885
Los Angeles Clippers,Chicago Bulls,0.665496274415
Memphis Grizzlies,Minnesota Timberwolves,0.660551493355
Golden State Warriors,Milwaukee Bucks,0.784453333418
Charlotte Hornets,New Orleans Pelicans,0.598587915908
Dallas Mavericks,Orlando Magic,0.506802329011
Phoenix Suns,Philadelphia 76ers,0.60845752642
Washington Wizards,Miami Heat,0.515414002751
Portland Trail Blazers,Brooklyn Nets,0.797940439708
Denver Nuggets,Utah Jazz,0.501745683246
Chicago Bulls,Los Angeles Lakers,0.720472665751
Atlanta Hawks,New York Knicks,0.598963575638
Oklahoma City Thunder,Indiana Pacers,0.821333477086
Toronto Raptors,Sacramento Kings,0.655469819457
Charlotte Hornets,Memphis Grizzlies,0.792543065242
Detroit Pistons,Houston Rockets,0.619214520932
Golden State Warriors,Indiana Pacers,0.617238069615
Los Angeles Clippers,Toronto Raptors,0.557473209569
Milwaukee Bucks,Orlando Magic,0.582467214576
Boston Celtics,Minnesota Timberwolves,0.510527242163
Miami Heat,Philadelphia 76ers,0.857056221188
San Antonio Spurs,Dallas Mavericks,0.815713276263
Washington Wizards,Phoenix Suns,0.804064594212
Atlanta Hawks,New Orleans Pelicans,0.821394281633
Chicago Bulls,Denver Nuggets,0.541235085645
Oklahoma City Thunder,Los Angeles Lakers,0.832158316989
Portland Trail Blazers,New York Knicks,0.71174803578
Boston Celtics,Brooklyn Nets,0.727782463871
San Antonio Spurs,Charlotte Hornets,0.513898953731
Cleveland Cavaliers,Portland Trail Blazers,0.772320903983
Dallas Mavericks,Los Angeles Clippers,0.517215563028
Detroit Pistons,Miami Heat,0.52025686252
Golden State Warriors,Los Angeles Lakers,0.944983699076
Toronto Raptors,Houston Rockets,0.512687313253
Indiana Pacers,Atlanta Hawks,0.65549519783
New Orleans Pelicans,Minnesota Timberwolves,0.608495811966
Orlando Magic,Phoenix Suns,0.731903999291
Memphis Grizzlies,Philadelphia 76ers,0.700199611372
Oklahoma City Thunder,Sacramento Kings,0.698548007138
Utah Jazz,Denver Nuggets,0.765840585119
San Antonio Spurs,Boston Celtics,0.527359952481
Cleveland Cavaliers,Dallas Mavericks,0.846333714447
Oklahoma City Thunder,Denver Nuggets,0.69413230774
Detroit Pistons,Los Angeles Clippers,0.536387494675
Indiana Pacers,Brooklyn Nets,0.886841730257
Golden State Warriors,Los Angeles Lakers,0.879252445154
Miami Heat,Memphis Grizzlies,0.605629866563
Toronto Raptors,Milwaukee Bucks,0.670449463131
Charlotte Hornets,New York Knicks,0.618638187646
Orlando Magic,Washington Wizards,0.539199583779
Chicago Bulls,Philadelphia 76ers,0.823004489514
Phoenix Suns,Minnesota Timberwolves,0.540038138496
Portland Trail Blazers,New Orleans Pelicans,0.858915333887
Houston Rockets,Sacramento Kings,0.508816596285
Utah Jazz,Atlanta Hawks,0.574332206154
Charlotte Hornets,New York Knicks,0.791852978145
Golden State Warriors,Minnesota Timberwolves,0.92769360085
Miami Heat,Memphis Grizzlies,0.801283821954
Oklahoma City Thunder,Detroit Pistons,0.850109722118
San Antonio Spurs,Washington Wizards,0.596632697278
Sacramento Kings,Brooklyn Nets,0.565294027646
Dallas Mavericks,New Orleans Pelicans,0.761348299662
Indiana Pacers,Los Angeles Clippers,0.591759083254
Atlanta Hawks,Los Angeles Lakers,0.703546890204
Orlando Magic,Milwaukee Bucks,0.699569579441
Cleveland Cavaliers,Philadelphia 76ers,0.931569071182
Phoenix Suns,Denver Nuggets,0.571497643255
Portland Trail Blazers,Houston Rockets,0.741833813886
Golden State Warriors,Atlanta Hawks,0.857396654745
Charlotte Hornets,Memphis Grizzlies,0.543595484412
Miami Heat,Boston Celtics,0.66276515888
Minnesota Timberwolves,Utah Jazz,0.539987206711
Oklahoma City Thunder,New York Knicks,0.757294713213
Toronto Raptors,Philadelphia 76ers,0.949007918989
Washington Wizards,Sacramento Kings,0.732336042442
Los Angeles Clippers,Brooklyn Nets,0.758188184948
Charlotte Hornets,Detroit Pistons,0.72989513154
Cleveland Cavaliers,Milwaukee Bucks,0.790419380549
New Orleans Pelicans,Los Angeles Lakers,0.675406938066
San Antonio Spurs,Orlando Magic,0.881763601595
Utah Jazz,Houston Rockets,0.59095526391
Boston Celtics,Detroit Pistons,0.71913025616
Chicago Bulls,Los Angeles Lakers,0.781761991201
San Antonio Spurs,Dallas Mavericks,0.610395766349
Miami Heat,Denver Nuggets,0.603370932329
Minnesota Timberwolves,New York Knicks,0.662037955305
Oklahoma City Thunder,Washington Wizards,0.837796889149
Atlanta Hawks,Phoenix Suns,0.645074750491
Portland Trail Blazers,Indiana Pacers,0.738250505078
Toronto Raptors,Memphis Grizzlies,0.837177306537
Milwaukee Bucks,Brooklyn Nets,0.504085880901
Charlotte Hornets,Dallas Mavericks,0.671774822142
Cleveland Cavaliers,Los Angeles Clippers,0.810331038541
Golden State Warriors,Houston Rockets,0.865553252055
Memphis Grizzlies,Orlando Magic,0.601421743818
Miami Heat,Utah Jazz,0.509305922337
Atlanta Hawks,Detroit Pistons,0.724413618459
Boston Celtics,Sacramento Kings,0.783878290941
Cleveland Cavaliers,Chicago Bulls,0.717178835811
Houston Rockets,Denver Nuggets,0.503596655168
Los Angeles Clippers,New Orleans Pelicans,0.643136171748
New York Knicks,Minnesota Timberwolves,0.588267196508
Orlando Magic,Philadelphia 76ers,0.721251996723
San Antonio Spurs,Washington Wizards,0.841829223784
Toronto Raptors,Los Angeles Lakers,0.889047819701
Charlotte Hornets,Minnesota Timberwolves,0.816415964946
Dallas Mavericks,Chicago Bulls,0.564235163707
Golden State Warriors,Phoenix Suns,0.943067738032
Memphis Grizzlies,Los Angeles Lakers,0.722621405981
Milwaukee Bucks,Brooklyn Nets,0.776417692262
Boston Celtics,Philadelphia 76ers,0.82734766517
Portland Trail Blazers,Miami Heat,0.657095629984
Toronto Raptors,Atlanta Hawks,0.737177005744
Utah Jazz,Denver Nuggets,0.765840585119
Detroit Pistons,Orlando Magic,0.715336141512
Los Angeles Clippers,Indiana Pacers,0.694276142729
New York Knicks,Sacramento Kings,0.551542835013
Oklahoma City Thunder,New Orleans Pelicans,0.908447376297
Oklahoma City Thunder,Atlanta Hawks,0.507521675297
Washington Wizards,Brooklyn Nets,0.669178567408
Portland Trail Blazers,Chicago Bulls,0.568683246642
Dallas Mavericks,Charlotte Hornets,0.564220024793
Golden State Warriors,Indiana Pacers,0.86337087984
Houston Rockets,Boston Celtics,0.592933012089
Utah Jazz,Los Angeles Lakers,0.684495433321
San Antonio Spurs,Milwaukee Bucks,0.723240222919
New Orleans Pelicans,Memphis Grizzlies,0.571767317108
Denver Nuggets,Philadelphia 76ers,0.638498293718
Cleveland Cavaliers,Toronto Raptors,0.531314665864
Detroit Pistons,Chicago Bulls,0.583045143569
Memphis Grizzlies,Philadelphia 76ers,0.858172935512
Miami Heat,New York Knicks,0.800615495559
San Antonio Spurs,Minnesota Timberwolves,0.672464290242
Utah Jazz,Phoenix Suns,0.78801323167
Washington Wizards,Orlando Magic,0.711370031047
Atlanta Hawks,Miami Heat,0.591432480289
Brooklyn Nets,Denver Nuggets,0.503672967118
Charlotte Hornets,Detroit Pistons,0.72989513154
Dallas Mavericks,Sacramento Kings,0.72091104411
Houston Rockets,Los Angeles Lakers,0.823243337076
Golden State Warriors,Los Angeles Clippers,0.586781884356
Portland Trail Blazers,Milwaukee Bucks,0.662269776272
Cleveland Cavaliers,New York Knicks,0.826054483812
Boston Celtics,Orlando Magic,0.530414332488
Indiana Pacers,Phoenix Suns,0.633606088231
San Antonio Spurs,Chicago Bulls,0.637295920345
Portland Trail Blazers,Memphis Grizzlies,0.644498454806
New Orleans Pelicans,Philadelphia 76ers,0.828557481367
Toronto Raptors,Minnesota Timberwolves,0.856841732508
Golden State Warriors,Utah Jazz,0.694570730555
Washington Wizards,Denver Nuggets,0.783108738809
Boston Celtics,Toronto Raptors,0.535147852949
Charlotte Hornets,Orlando Magic,0.775196736495
Cleveland Cavaliers,Miami Heat,0.8001811099
Dallas Mavericks,Indiana Pacers,0.596444190012
Los Angeles Lakers,Phoenix Suns,0.537230160963
Atlanta Hawks,Milwaukee Bucks,0.542567980651
Minnesota Timberwolves,Detroit Pistons,0.581844243137
Oklahoma City Thunder,Houston Rockets,0.824050471574
Sacramento Kings,New York Knicks,0.622035698862
Miami Heat,Chicago Bulls,0.527601198185
Cleveland Cavaliers,Charlotte Hornets,0.837749806032
Houston Rockets,Dallas Mavericks,0.61554951473
Indiana Pacers,Portland Trail Blazers,0.535077901451
Los Angeles Clippers,New Orleans Pelicans,0.830560156755
Golden State Warriors,Memphis Grizzlies,0.770887077937
Orlando Magic,Denver Nuggets,0.706051811084
San Antonio Spurs,Brooklyn Nets,0.948886434555
Utah Jazz,Sacramento Kings,0.712509542479
Washington Wizards,Milwaukee Bucks,0.777790990185
Detroit Pistons,Philadelphia 76ers,0.909722235429
New York Knicks,Los Angeles Lakers,0.565228795534
Golden State Warriors,Minnesota Timberwolves,0.740884348527
Oklahoma City Thunder,Boston Celtics,0.796246500849
Phoenix Suns,New Orleans Pelicans,0.555198219591
Dallas Mavericks,Denver Nuggets,0.773179703148
Houston Rockets,Brooklyn Nets,0.870385266543
Indiana Pacers,Charlotte Hornets,0.636605110663
Los Angeles Clippers,Portland Trail Blazers,0.566529764014
Miami Heat,Washington Wizards,0.722033244369
Sacramento Kings,Los Angeles Lakers,0.720323614987
Toronto Raptors,Milwaukee Bucks,0.868268398951
Atlanta Hawks,Orlando Magic,0.770345309608
Chicago Bulls,Minnesota Timberwolves,0.727943724132
Cleveland Cavaliers,Memphis Grizzlies,0.911349939238
Golden State Warriors,New Orleans Pelicans,0.808158069117
Phoenix Suns,New York Knicks,0.501093947262
Portland Trail Blazers,Oklahoma City Thunder,0.562274619641
Brooklyn Nets,Los Angeles Lakers,0.544624318611
Dallas Mavericks,Detroit Pistons,0.645822070137
Houston Rockets,Sacramento Kings,0.749665338585
Cleveland Cavaliers,Memphis Grizzlies,0.777121935564
Miami Heat,Indiana Pacers,0.698054665704
Los Angeles Clippers,Orlando Magic,0.569835212177
Toronto Raptors,Philadelphia 76ers,0.880145514883
San Antonio Spurs,Boston Celtics,0.801066500818
Oklahoma City Thunder,Utah Jazz,0.607593385129
Washington Wizards,Charlotte Hornets,0.578307367522
Portland Trail Blazers,Denver Nuggets,0.642330674131
Golden State Warriors,New York Knicks,0.916496406661
Chicago Bulls,Milwaukee Bucks,0.562975543773
Indiana Pacers,New Orleans Pelicans,0.566410489509
San Antonio Spurs,Phoenix Suns,0.800171314467
Boston Celtics,Charlotte Hornets,0.645137638483
Chicago Bulls,Milwaukee Bucks,0.746616348702
Houston Rockets,New Orleans Pelicans,0.787166364999
Memphis Grizzlies,Sacramento Kings,0.626177431778
Miami Heat,Los Angeles Clippers,0.626275161827
Orlando Magic,Brooklyn Nets,0.803206693051
Los Angeles Lakers,Philadelphia 76ers,0.599785369107
Toronto Raptors,Atlanta Hawks,0.737177005744
Utah Jazz,Dallas Mavericks,0.569907998328
Washington Wizards,Detroit Pistons,0.65886640517
Atlanta Hawks,Charlotte Hornets,0.651137642898
Cleveland Cavaliers,Los Angeles Lakers,0.941249462767
Denver Nuggets,New York Knicks,0.626932826565
Detroit Pistons,Indiana Pacers,0.614812982146
Golden State Warriors,Portland Trail Blazers,0.784332171105
Minnesota Timberwolves,Houston Rockets,0.534674631219
Oklahoma City Thunder,Phoenix Suns,0.923374843425
Dallas Mavericks,Sacramento Kings,0.72091104411
Utah Jazz,Memphis Grizzlies,0.500616428866
Miami Heat,Boston Celtics,0.66276515888
Toronto Raptors,Orlando Magic,0.633827320737
Brooklyn Nets,Philadelphia 76ers,0.509668602678
San Antonio Spurs,New Orleans Pelicans,0.910910122806
Washington Wizards,Los Angeles Clippers,0.531560853192
Chicago Bulls,Detroit Pistons,0.619176396718
Dallas Mavericks,Denver Nuggets,0.525185382365
Indiana Pacers,Washington Wizards,0.692011844468
Minnesota Timberwolves,Phoenix Suns,0.747249585673
Oklahoma City Thunder,Atlanta Hawks,0.813917301708
Charlotte Hornets,Los Angeles Lakers,0.856190174739
Golden State Warriors,Utah Jazz,0.868020684605
San Antonio Spurs,Houston Rockets,0.574719480379
Los Angeles Clippers,Denver Nuggets,0.839682829612
Boston Celtics,Memphis Grizzlies,0.551039616965
Miami Heat,Orlando Magic,0.784469590583
Cleveland Cavaliers,Milwaukee Bucks,0.790419380549
Indiana Pacers,New York Knicks,0.586958964821
New Orleans Pelicans,Philadelphia 76ers,0.65364947719
Portland Trail Blazers,Sacramento Kings,0.647114023963
Toronto Raptors,Brooklyn Nets,0.920337638901
Atlanta Hawks,Minnesota Timberwolves,0.812238623405
Chicago Bulls,Washington Wizards,0.596888808565
Cleveland Cavaliers,Milwaukee Bucks,0.929470928384
Detroit Pistons,Memphis Grizzlies,0.735726787827
Oklahoma City Thunder,New Orleans Pelicans,0.741488110309
Houston Rockets,Phoenix Suns,0.629271305818
Portland Trail Blazers,Dallas Mavericks,0.724936432515
Utah Jazz,Sacramento Kings,0.712509542479
Golden State Warriors,Brooklyn Nets,0.879939305461
Indiana Pacers,Boston Celtics,0.629626133164
San Antonio Spurs,Los Angeles Clippers,0.504864714823
Miami Heat,Los Angeles Lakers,0.862713815122
New York Knicks,Orlando Magic,0.525589224808
Oklahoma City Thunder,Boston Celtics,0.514095985037
Charlotte Hornets,Chicago Bulls,0.6574011889
Cleveland Cavaliers,Brooklyn Nets,0.958504909732
Atlanta Hawks,Denver Nuggets,0.520676673664
Golden State Warriors,Detroit Pistons,0.668913693845
Los Angeles Clippers,Dallas Mavericks,0.679695756453
Houston Rockets,Memphis Grizzlies,0.505958554625
Washington Wizards,Milwaukee Bucks,0.501106574984
Minnesota Timberwolves,Sacramento Kings,0.663428251238
Miami Heat,New Orleans Pelicans,0.657852346299
Orlando Magic,Los Angeles Lakers,0.738959287605
Phoenix Suns,Philadelphia 76ers,0.784982253336
Portland Trail Blazers,San Antonio Spurs,0.549152812254
Toronto Raptors,Utah Jazz,0.559709887707
Cleveland Cavaliers,Golden State Warriors,0.646360393256
Los Angeles Clippers,Los Angeles Lakers,0.756997146604
Boston Celtics,New York Knicks,0.625701127072
Oklahoma City Thunder,Minnesota Timberwolves,0.903228476099
San Antonio Spurs,Chicago Bulls,0.80582098705
Charlotte Hornets,Brooklyn Nets,0.721789291472
Chicago Bulls,Indiana Pacers,0.568565343475
Cleveland Cavaliers,Detroit Pistons,0.67675997147
Houston Rockets,Phoenix Suns,0.817904693906
Los Angeles Clippers,Denver Nuggets,0.839682829612
Minnesota Timberwolves,Atlanta Hawks,0.517631310996
Dallas Mavericks,New Orleans Pelicans,0.582983803244
Orlando Magic,Memphis Grizzlies,0.644944183233
Portland Trail Blazers,Toronto Raptors,0.610073507171
Sacramento Kings,Philadelphia 76ers,0.85677548617
Washington Wizards,Milwaukee Bucks,0.777790990185
Boston Celtics,Memphis Grizzlies,0.783534510552
Dallas Mavericks,Houston Rockets,0.600919381006
Utah Jazz,Los Angeles Lakers,0.684495433321
Miami Heat,Oklahoma City Thunder,0.512885844344
Atlanta Hawks,New York Knicks,0.787262360454
Chicago Bulls,Brooklyn Nets,0.83778729078
Denver Nuggets,Minnesota Timberwolves,0.662666836869
Detroit Pistons,Milwaukee Bucks,0.78112522007
Golden State Warriors,Toronto Raptors,0.778043355179
Los Angeles Clippers,New Orleans Pelicans,0.643136171748
Charlotte Hornets,Orlando Magic,0.522924296723
Portland Trail Blazers,Sacramento Kings,0.831347793221
San Antonio Spurs,Phoenix Suns,0.92546898787
Washington Wizards,Indiana Pacers,0.610209488928
Charlotte Hornets,Miami Heat,0.598091552772
Cleveland Cavaliers,Boston Celtics,0.833624218694
Dallas Mavericks,Los Angeles Lakers,0.707302428046
Oklahoma City Thunder,Memphis Grizzlies,0.696134651425
Toronto Raptors,Phoenix Suns,0.757127031595
Utah Jazz,Philadelphia 76ers,0.899524132959
Atlanta Hawks,Detroit Pistons,0.724413618459
Boston Celtics,Miami Heat,0.585059988052
Denver Nuggets,Philadelphia 76ers,0.859319042905
Golden State Warriors,Dallas Mavericks,0.855172610253
Houston Rockets,Los Angeles Clippers,0.553972027549
Indiana Pacers,Chicago Bulls,0.636619354467
Minnesota Timberwolves,Milwaukee Bucks,0.716047919569
New Orleans Pelicans,New York Knicks,0.570740601947
San Antonio Spurs,Portland Trail Blazers,0.731628881437
Washington Wizards,Brooklyn Nets,0.859850453707
Chicago Bulls,Milwaukee Bucks,0.746616348702
Cleveland Cavaliers,Charlotte Hornets,0.60407505611
Houston Rockets,New York Knicks,0.748496223393
Oklahoma City Thunder,Los Angeles Clippers,0.769169332845
Sacramento Kings,Memphis Grizzlies,0.62302076216
Utah Jazz,Phoenix Suns,0.78801323167
San Antonio Spurs,Atlanta Hawks,0.520797823581
Indiana Pacers,Orlando Magic,0.758940187656
Toronto Raptors,Los Angeles Lakers,0.802782869753
Miami Heat,Detroit Pistons,0.740410873028
Portland Trail Blazers,Minnesota Timberwolves,0.606395535696
Utah Jazz,Brooklyn Nets,0.685894377063
Chicago Bulls,Charlotte Hornets,0.535847418876
Cleveland Cavaliers,New Orleans Pelicans,0.927126090614
Golden State Warriors,Denver Nuggets,0.935791482722
Houston Rockets,Washington Wizards,0.658143549654
Los Angeles Clippers,Phoenix Suns,0.856176439239
Oklahoma City Thunder,Milwaukee Bucks,0.712476262564
New York Knicks,Orlando Magic,0.525589224808
Boston Celtics,Utah Jazz,0.683541191482
Dallas Mavericks,Washington Wizards,0.624147306233
Denver Nuggets,Sacramento Kings,0.628386474471
Detroit Pistons,Indiana Pacers,0.614812982146
Memphis Grizzlies,Los Angeles Lakers,0.564198352513
Minnesota Timberwolves,Philadelphia 76ers,0.667371403339
Miami Heat,Phoenix Suns,0.717933838257
San Antonio Spurs,Toronto Raptors,0.724343370995
Oklahoma City Thunder,Charlotte Hornets,0.500614947032
Cleveland Cavaliers,Chicago Bulls,0.837758174986
Golden State Warriors,Portland Trail Blazers,0.784332171105
Los Angeles Clippers,Memphis Grizzlies,0.798424070109
New York Knicks,Milwaukee Bucks,0.611408956602
Atlanta Hawks,Orlando Magic,0.502284489911
Miami Heat,Sacramento Kings,0.60835763111
Dallas Mavericks,Phoenix Suns,0.794843570102
San Antonio Spurs,Denver Nuggets,0.705298951402
Detroit Pistons,Charlotte Hornets,0.583030175212
Oklahoma City Thunder,Houston Rockets,0.561679915417
Indiana Pacers,Brooklyn Nets,0.886841730257
Atlanta Hawks,New Orleans Pelicans,0.578583536846
Portland Trail Blazers,Los Angeles Lakers,0.884613063585
Toronto Raptors,Utah Jazz,0.754189714161
Boston Celtics,Philadelphia 76ers,0.929087534743
Cleveland Cavaliers,Brooklyn Nets,0.883654410434
Golden State Warriors,Memphis Grizzlies,0.916816663563
Miami Heat,Los Angeles Lakers,0.76870658174
Milwaukee Bucks,New York Knicks,0.606148170434
Orlando Magic,Houston Rockets,0.514802921923
Los Angeles Clippers,Sacramento Kings,0.592830241628
Washington Wizards,Minnesota Timberwolves,0.760679326092
Boston Celtics,New Orleans Pelicans,0.817501776949
Toronto Raptors,Chicago Bulls,0.577684179129
Dallas Mavericks,Atlanta Hawks,0.584416489903
Indiana Pacers,New York Knicks,0.776453575076
Minnesota Timberwolves,Utah Jazz,0.539987206711
Oklahoma City Thunder,Denver Nuggets,0.91381174746
San Antonio Spurs,Charlotte Hornets,0.805811352538
Brooklyn Nets,Philadelphia 76ers,0.735297486163
Los Angeles Clippers,Miami Heat,0.606749734357
Orlando Magic,Los Angeles Lakers,0.589197900077
Utah Jazz,Memphis Grizzlies,0.500616428866
Washington Wizards,Milwaukee Bucks,0.501106574984
Cleveland Cavaliers,Phoenix Suns,0.852485418574
Portland Trail Blazers,Detroit Pistons,0.776771275452
Golden State Warriors,Sacramento Kings,0.772900417507
Toronto Raptors,Houston Rockets,0.750206565292
Oklahoma City Thunder,Chicago Bulls,0.624922847738
Minnesota Timberwolves,Dallas Mavericks,0.513117370791
New York Knicks,New Orleans Pelicans,0.603006226505
Atlanta Hawks,Brooklyn Nets,0.704897778721
Golden State Warriors,Miami Heat,0.81108212677
Houston Rockets,Charlotte Hornets,0.600164329165
Portland Trail Blazers,Los Angeles Lakers,0.796892748589
Sacramento Kings,Detroit Pistons,0.538960172333
San Antonio Spurs,Milwaukee Bucks,0.913728183244
Toronto Raptors,Boston Celtics,0.714772573666
Cleveland Cavaliers,Utah Jazz,0.702079779013
Washington Wizards,Chicago Bulls,0.578322382799
Boston Celtics,Washington Wizards,0.699856785988
Los Angeles Clippers,Orlando Magic,0.781433866575
Minnesota Timberwolves,Houston Rockets,0.534674631219
Oklahoma City Thunder,Memphis Grizzlies,0.88911119537
New York Knicks,Philadelphia 76ers,0.701078856351
Cleveland Cavaliers,Portland Trail Blazers,0.542302470378
New Orleans Pelicans,Brooklyn Nets,0.512891025559
Indiana Pacers,Denver Nuggets,0.508252580978
Golden State Warriors,Detroit Pistons,0.886313693902
Chicago Bulls,New York Knicks,0.618623661253
Dallas Mavericks,Phoenix Suns,0.649201684433
San Antonio Spurs,Los Angeles Lakers,0.927931946199
Atlanta Hawks,Boston Celtics,0.644281810085
Houston Rockets,Memphis Grizzlies,0.749284542622
Miami Heat,Milwaukee Bucks,0.624211287837
Oklahoma City Thunder,Minnesota Timberwolves,0.660652106392
Charlotte Hornets,Philadelphia 76ers,0.823013458359
Portland Trail Blazers,Orlando Magic,0.816190764897
Cleveland Cavaliers,Sacramento Kings,0.779096186302
Toronto Raptors,Brooklyn Nets,0.920337638901
Utah Jazz,Detroit Pistons,0.636300526594
Chicago Bulls,New Orleans Pelicans,0.739893495467
Los Angeles Clippers,Los Angeles Lakers,0.860584294968
San Antonio Spurs,Phoenix Suns,0.800171314467
Utah Jazz,Orlando Magic,0.690646548397
Washington Wizards,Philadelphia 76ers,0.908116554317
Atlanta Hawks,Milwaukee Bucks,0.826504571578
Houston Rockets,Brooklyn Nets,0.690479929709
Dallas Mavericks,Minnesota Timberwolves,0.750051224114
Detroit Pistons,Los Angeles Lakers,0.646674000684
Chicago Bulls,Memphis Grizzlies,0.543580208483
Oklahoma City Thunder,Sacramento Kings,0.698548007138
Toronto Raptors,New York Knicks,0.836605081535
Boston Celtics,Charlotte Hornets,0.645137638483
Denver Nuggets,Orlando Magic,0.603684487614
Golden State Warriors,Cleveland Cavaliers,0.654089384097
Indiana Pacers,New Orleans Pelicans,0.81190533902
Los Angeles Clippers,Oklahoma City Thunder,0.508421923123
Milwaukee Bucks,Philadelphia 76ers,0.848349534915
Atlanta Hawks,New York Knicks,0.598963575638
Utah Jazz,Phoenix Suns,0.624272388495
Portland Trail Blazers,Washington Wizards,0.526048433198
Toronto Raptors,Brooklyn Nets,0.803807657991
Chicago Bulls,Dallas Mavericks,0.551859489376
Los Angeles Lakers,Denver Nuggets,0.505294215719
Miami Heat,Houston Rockets,0.701966101654
San Antonio Spurs,Minnesota Timberwolves,0.905817055332
Boston Celtics,New York Knicks,0.782822668799
Charlotte Hornets,Portland Trail Blazers,0.557631675651
Detroit Pistons,Atlanta Hawks,0.602968320421
Golden State Warriors,Oklahoma City Thunder,0.742131678179
Houston Rockets,Milwaukee Bucks,0.793009197128
New Orleans Pelicans,Orlando Magic,0.546523427436
Toronto Raptors,Philadelphia 76ers,0.880145514883
Indiana Pacers,Sacramento Kings,0.513470862797
Washington Wizards,Memphis Grizzlies,0.731938311892
Cleveland Cavaliers,Phoenix Suns,0.939211821197
Los Angeles Clippers,Minnesota Timberwolves,0.821772407193
Miami Heat,Dallas Mavericks,0.683572351922
Washington Wizards,New York Knicks,0.558453922477
San Antonio Spurs,Denver Nuggets,0.916143513514
Atlanta Hawks,Chicago Bulls,0.651151629222
Charlotte Hornets,Toronto Raptors,0.548537361468
Dallas Mavericks,Utah Jazz,0.60603292231
Golden State Warriors,Houston Rockets,0.65302239519
Indiana Pacers,Los Angeles Lakers,0.693068639532
Memphis Grizzlies,Sacramento Kings,0.626177431778
New Orleans Pelicans,Brooklyn Nets,0.750004213377
Orlando Magic,Milwaukee Bucks,0.699569579441
Portland Trail Blazers,Philadelphia 76ers,0.876209633216
Atlanta Hawks,Philadelphia 76ers,0.930801486053
Boston Celtics,Portland Trail Blazers,0.544287809937
Chicago Bulls,Sacramento Kings,0.697266430531
Charlotte Hornets,Brooklyn Nets,0.895658722551
Cleveland Cavaliers,San Antonio Spurs,0.717946243933
Los Angeles Clippers,Denver Nuggets,0.587779801177
Detroit Pistons,Washington Wizards,0.642011966272
Houston Rockets,Memphis Grizzlies,0.505958554625
Miami Heat,Milwaukee Bucks,0.837901715455
New York Knicks,Phoenix Suns,0.648463853237
Utah Jazz,Indiana Pacers,0.586445234282
Dallas Mavericks,Los Angeles Lakers,0.800693563673
Minnesota Timberwolves,Denver Nuggets,0.722315735011
Golden State Warriors,Orlando Magic,0.755887351478
Toronto Raptors,Phoenix Suns,0.885420067608
Atlanta Hawks,Los Angeles Clippers,0.606977835243
San Antonio Spurs,Brooklyn Nets,0.840323549122
Charlotte Hornets,Washington Wizards,0.711063557871
Detroit Pistons,Sacramento Kings,0.736120923823
Indiana Pacers,New York Knicks,0.776453575076
Golden State Warriors,Miami Heat,0.582443830847
Houston Rockets,Milwaukee Bucks,0.525557228758
Cleveland Cavaliers,New Orleans Pelicans,0.813623885212
Oklahoma City Thunder,Utah Jazz,0.607593385129
Denver Nuggets,Utah Jazz,0.501745683246
Chicago Bulls,Orlando Magic,0.52290893615
Los Angeles Clippers,Philadelphia 76ers,0.848940614373
Phoenix Suns,Minnesota Timberwolves,0.540038138496
Toronto Raptors,San Antonio Spurs,0.560068689331
Washington Wizards,Boston Celtics,0.570963337006
Boston Celtics,Houston Rockets,0.678900645968
Miami Heat,Brooklyn Nets,0.769857676499
Chicago Bulls,Atlanta Hawks,0.556324820033
Golden State Warriors,Charlotte Hornets,0.595518935723
Cleveland Cavaliers,Sacramento Kings,0.91151365331
Dallas Mavericks,New York Knicks,0.71965785842
Toronto Raptors,Memphis Grizzlies,0.652882961788
Milwaukee Bucks,Philadelphia 76ers,0.848349534915
Oklahoma City Thunder,New Orleans Pelicans,0.741488110309
Portland Trail Blazers,Los Angeles Lakers,0.884613063585
Denver Nuggets,Phoenix Suns,0.717214918647
Minnesota Timberwolves,Indiana Pacers,0.530037552215
Oklahoma City Thunder,Dallas Mavericks,0.811164500148
Utah Jazz,Los Angeles Lakers,0.794007515261
Atlanta Hawks,Washington Wizards,0.705354151125
Boston Celtics,Orlando Magic,0.765657661192
Miami Heat,Chicago Bulls,0.527601198185
Cleveland Cavaliers,Brooklyn Nets,0.958504909732
Indiana Pacers,Sacramento Kings,0.777531357267
San Antonio Spurs,New Orleans Pelicans,0.751544709871
Charlotte Hornets,New York Knicks,0.618638187646
Houston Rockets,Philadelphia 76ers,0.799938229936
Portland Trail Blazers,Memphis Grizzlies,0.831063248403
Toronto Raptors,Milwaukee Bucks,0.868268398951
Charlotte Hornets,Sacramento Kings,0.792876320645
Golden State Warriors,Los Angeles Clippers,0.820802335787
Miami Heat,Detroit Pistons,0.740410873028
Boston Celtics,Milwaukee Bucks,0.570368504088
Minnesota Timberwolves,Brooklyn Nets,0.815499799785
Phoenix Suns,Denver Nuggets,0.571497643255
Utah Jazz,Memphis Grizzlies,0.712093933142
Atlanta Hawks,New York Knicks,0.787262360454
Chicago Bulls,Philadelphia 76ers,0.892703565944
Cleveland Cavaliers,Oklahoma City Thunder,0.728583435829
Indiana Pacers,Houston Rockets,0.670765639675
Washington Wizards,New Orleans Pelicans,0.537604499463
Golden State Warriors,Portland Trail Blazers,0.533442452652
San Antonio Spurs,Dallas Mavericks,0.815713276263
Toronto Raptors,Orlando Magic,0.822728265217
Boston Celtics,Detroit Pistons,0.71913025616
Cleveland Cavaliers,Dallas Mavericks,0.693352524081
Miami Heat,Brooklyn Nets,0.900599811847
Minnesota Timberwolves,Orlando Magic,0.639720082933
Sacramento Kings,Philadelphia 76ers,0.699773704756
Phoenix Suns,Memphis Grizzlies,0.502141934757
Houston Rockets,Sacramento Kings,0.749665338585
Los Angeles Lakers,Denver Nuggets,0.505294215719
Portland Trail Blazers,Charlotte Hornets,0.711879779155
San Antonio Spurs,Oklahoma City Thunder,0.683280078854
Toronto Raptors,New Orleans Pelicans,0.864186116163
Washington Wizards,New York Knicks,0.731115023764
Boston Celtics,Toronto Raptors,0.535147852949
New York Knicks,Brooklyn Nets,0.566821901826
Cleveland Cavaliers,Minnesota Timberwolves,0.922881570289
Dallas Mavericks,Philadelphia 76ers,0.903202871101
Denver Nuggets,Memphis Grizzlies,0.627912761368
Detroit Pistons,New Orleans Pelicans,0.775042093628
Golden State Warriors,Charlotte Hornets,0.846993185425
Miami Heat,Atlanta Hawks,0.68746852486
Oklahoma City Thunder,Chicago Bulls,0.801087579879
Orlando Magic,Indiana Pacers,0.510149241593
Los Angeles Clippers,Phoenix Suns,0.704641612651
Utah Jazz,Milwaukee Bucks,0.76022908538
Houston Rockets,Atlanta Hawks,0.619817423989
Golden State Warriors,Los Angeles Clippers,0.586781884356
San Antonio Spurs,Philadelphia 76ers,0.96764330583
Washington Wizards,Los Angeles Lakers,0.809714598907
Boston Celtics,Los Angeles Lakers,0.849420306272
Indiana Pacers,Brooklyn Nets,0.694446538705
Denver Nuggets,Milwaukee Bucks,0.683874084434
Detroit Pistons,Minnesota Timberwolves,0.764192472005
Houston Rockets,Chicago Bulls,0.600179104241
Oklahoma City Thunder,Memphis Grizzlies,0.88911119537
Toronto Raptors,Orlando Magic,0.633827320737
Portland Trail Blazers,Dallas Mavericks,0.724936432515
Sacramento Kings,Phoenix Suns,0.712960297221
Atlanta Hawks,Orlando Magic,0.770345309608
Indiana Pacers,Detroit Pistons,0.711581467948
Miami Heat,Philadelphia 76ers,0.935878767968
Minnesota Timberwolves,Memphis Grizzlies,0.662975249831
Cleveland Cavaliers,New York Knicks,0.826054483812
Phoenix Suns,Milwaukee Bucks,0.563881001677
Golden State Warriors,Sacramento Kings,0.772900417507
San Antonio Spurs,Denver Nuggets,0.916143513514
Utah Jazz,Charlotte Hornets,0.554019652558
Washington Wizards,New Orleans Pelicans,0.771642287202
Boston Celtics,Los Angeles Clippers,0.600684103023
Toronto Raptors,Brooklyn Nets,0.803807657991
Oklahoma City Thunder,Portland Trail Blazers,0.725702549107
Atlanta Hawks,Utah Jazz,0.689204682769
Dallas Mavericks,Denver Nuggets,0.525185382365
Detroit Pistons,Philadelphia 76ers,0.909722235429
Oklahoma City Thunder,Indiana Pacers,0.523351280689
San Antonio Spurs,Memphis Grizzlies,0.707259023028
Miami Heat,Minnesota Timberwolves,0.566165241481
New Orleans Pelicans,Phoenix Suns,0.667407077088
New York Knicks,Los Angeles Lakers,0.656684973191
Chicago Bulls,Sacramento Kings,0.546415720925
Toronto Raptors,Los Angeles Clippers,0.681203131656
Cleveland Cavaliers,Washington Wizards,0.680988390907
Charlotte Hornets,Brooklyn Nets,0.895658722551
Portland Trail Blazers,Dallas Mavericks,0.540364504822
Houston Rockets,Orlando Magic,0.729555450655
Atlanta Hawks,Denver Nuggets,0.830909979007
Washington Wizards,Brooklyn Nets,0.669178567408
Detroit Pistons,Los Angeles Lakers,0.812685177345
Golden State Warriors,Chicago Bulls,0.847001164676
Cleveland Cavaliers,Indiana Pacers,0.6256235826
Memphis Grizzlies,Phoenix Suns,0.715294673523
Miami Heat,Milwaukee Bucks,0.624211287837
Toronto Raptors,Minnesota Timberwolves,0.615142072952
Utah Jazz,New Orleans Pelicans,0.556563021789
Los Angeles Clippers,New York Knicks,0.662216942494
San Antonio Spurs,Philadelphia 76ers,0.904147484784
Boston Celtics,Sacramento Kings,0.553866821789
Charlotte Hornets,Houston Rockets,0.69054389819
Dallas Mavericks,Utah Jazz,0.60603292231
Oklahoma City Thunder,Cleveland Cavaliers,0.579055540882
Orlando Magic,Philadelphia 76ers,0.867985302349
Portland Trail Blazers,Boston Celtics,0.705678081287
Miami Heat,Brooklyn Nets,0.769857676499
San Antonio Spurs,Detroit Pistons,0.591956130683
Golden State Warriors,Memphis Grizzlies,0.770887077937
Milwaukee Bucks,Los Angeles Lakers,0.706618968157
Minnesota Timberwolves,New Orleans Pelicans,0.708830313614
New York Knicks,Denver Nuggets,0.618756747756
Chicago Bulls,Phoenix Suns,0.663743367627
Atlanta Hawks,Sacramento Kings,0.525886099898
Washington Wizards,Indiana Pacers,0.610209488928
Charlotte Hornets,Los Angeles Clippers,0.613549094446
Cleveland Cavaliers,Denver Nuggets,0.931478564973
Dallas Mavericks,Orlando Magic,0.699417429421
Houston Rockets,Phoenix Suns,0.817904693906
Indiana Pacers,Milwaukee Bucks,0.81722671501
Oklahoma City Thunder,Golden State Warriors,0.58771881751
Miami Heat,Philadelphia 76ers,0.857056221188
Utah Jazz,Boston Celtics,0.546584273891
Chicago Bulls,Minnesota Timberwolves,0.503001820883
San Antonio Spurs,New York Knicks,0.766929688378
Sacramento Kings,New Orleans Pelicans,0.671619374915
Toronto Raptors,Detroit Pistons,0.784340347013
Memphis Grizzlies,Brooklyn Nets,0.56579233404
Charlotte Hornets,Philadelphia 76ers,0.932560040445
Dallas Mavericks,Boston Celtics,0.556818668777
Golden State Warriors,Denver Nuggets,0.76921401623
San Antonio Spurs,Indiana Pacers,0.536590338929
Miami Heat,Orlando Magic,0.784469590583
Milwaukee Bucks,Detroit Pistons,0.522262570316
Phoenix Suns,New Orleans Pelicans,0.555198219591
Portland Trail Blazers,Atlanta Hawks,0.728525559694
Utah Jazz,Los Angeles Clippers,0.506876550962
Oklahoma City Thunder,Washington Wizards,0.583778426319
Toronto Raptors,Chicago Bulls,0.577684179129
Sacramento Kings,Los Angeles Lakers,0.563699627453
Cleveland Cavaliers,Minnesota Timberwolves,0.747668420913
Boston Celtics,Philadelphia 76ers,0.929087534743
Milwaukee Bucks,Brooklyn Nets,0.504085880901
Cleveland Cavaliers,Indiana Pacers,0.854947461537
Denver Nuggets,Minnesota Timberwolves,0.662666836869
Detroit Pistons,Dallas Mavericks,0.598633747317
Golden State Warriors,Sacramento Kings,0.916971201755
Houston Rockets,Miami Heat,0.53792616049
Los Angeles Clippers,Atlanta Hawks,0.68361756954
Memphis Grizzlies,New Orleans Pelicans,0.674136293323
Oklahoma City Thunder,New York Knicks,0.888697221509
San Antonio Spurs,Orlando Magic,0.689770041366
Phoenix Suns,Los Angeles Lakers,0.611172981816
Toronto Raptors,Charlotte Hornets,0.720858442867
Portland Trail Blazers,Utah Jazz,0.5506238678
Chicago Bulls,Boston Celtics,0.528366986836
Indiana Pacers,Washington Wizards,0.692011844468
Cleveland Cavaliers,New York Knicks,0.911010678266
Detroit Pistons,Charlotte Hornets,0.583030175212
Golden State Warriors,Los Angeles Clippers,0.820802335787
Houston Rockets,New Orleans Pelicans,0.561830492456
Portland Trail Blazers,Orlando Magic,0.625246732001
Sacramento Kings,Denver Nuggets,0.686064923135
Atlanta Hawks,Miami Heat,0.591432480289
Chicago Bulls,Phoenix Suns,0.775512115542
Denver Nuggets,Brooklyn Nets,0.791310386281
Indiana Pacers,Memphis Grizzlies,0.77718035074
San Antonio Spurs,Los Angeles Clippers,0.504864714823
Utah Jazz,Milwaukee Bucks,0.52022607053
Minnesota Timberwolves,Dallas Mavericks,0.513117370791
Oklahoma City Thunder,Los Angeles Lakers,0.925901464208
Washington Wizards,Philadelphia 76ers,0.783811282936
Toronto Raptors,Boston Celtics,0.714772573666
Cleveland Cavaliers,Chicago Bulls,0.837758174986
Dallas Mavericks,New Orleans Pelicans,0.761348299662
Golden State Warriors,Brooklyn Nets,0.96118759986
Houston Rockets,Minnesota Timberwolves,0.776733042805
Miami Heat,Indiana Pacers,0.698054665704
New York Knicks,Philadelphia 76ers,0.816265968405
Atlanta Hawks,Orlando Magic,0.502284489911
Charlotte Hornets,Sacramento Kings,0.546430981139
Denver Nuggets,Memphis Grizzlies,0.627912761368
Detroit Pistons,Boston Celtics,0.575708049743
Los Angeles Clippers,Charlotte Hornets,0.665482567753
San Antonio Spurs,Los Angeles Lakers,0.839451400673
Milwaukee Bucks,Phoenix Suns,0.699045585017
Oklahoma City Thunder,New Orleans Pelicans,0.908447376297
Toronto Raptors,Portland Trail Blazers,0.629158109659
Washington Wizards,Utah Jazz,0.619679705437
Boston Celtics,Atlanta Hawks,0.663818412423
Cleveland Cavaliers,Milwaukee Bucks,0.929470928384
Dallas Mavericks,Miami Heat,0.50103838775
Houston Rockets,Indiana Pacers,0.631466650777
Toronto Raptors,New York Knicks,0.719237405039
Golden State Warriors,Philadelphia 76ers,0.929261480284
Sacramento Kings,Minnesota Timberwolves,0.657982881841
Chicago Bulls,Denver Nuggets,0.752442692239
Portland Trail Blazers,Detroit Pistons,0.521210233314
Charlotte Hornets,Los Angeles Lakers,0.720485065606
Memphis Grizzlies,Phoenix Suns,0.715294673523
Oklahoma City Thunder,Utah Jazz,0.827127457137
Golden State Warriors,Washington Wizards,0.673195188811
Atlanta Hawks,Dallas Mavericks,0.665654110116
Cleveland Cavaliers,Boston Celtics,0.616900474745
Los Angeles Clippers,Houston Rockets,0.698215365046
Miami Heat,Philadelphia 76ers,0.935878767968
Milwaukee Bucks,Denver Nuggets,0.67144724157
Detroit Pistons,New Orleans Pelicans,0.514287875686
Orlando Magic,New York Knicks,0.643983671037
Sacramento Kings,Brooklyn Nets,0.78784079448
San Antonio Spurs,Indiana Pacers,0.825689935427
Toronto Raptors,Washington Wizards,0.768098639774
Utah Jazz,Minnesota Timberwolves,0.742213259422
Golden State Warriors,Chicago Bulls,0.709893101845
Charlotte Hornets,Phoenix Suns,0.663757109546
Portland Trail Blazers,Oklahoma City Thunder,0.562274619641
Cleveland Cavaliers,Atlanta Hawks,0.610663717929
Dallas Mavericks,Memphis Grizzlies,0.720502815997
Boston Celtics,Los Angeles Lakers,0.726495687364
Los Angeles Clippers,Milwaukee Bucks,0.608908374942
San Antonio Spurs,New Orleans Pelicans,0.751544709871
Miami Heat,Orlando Magic,0.585626574771
New York Knicks,Philadelphia 76ers,0.701078856351
Oklahoma City Thunder,Phoenix Suns,0.791537001808
Utah Jazz,Brooklyn Nets,0.847502411305
Toronto Raptors,Washington Wizards,0.535211913234
Los Angeles Clippers,Chicago Bulls,0.511443305701
Charlotte Hornets,Denver Nuggets,0.541250373823
Houston Rockets,Memphis Grizzlies,0.749284542622
Cleveland Cavaliers,Miami Heat,0.591086618054
Toronto Raptors,Milwaukee Bucks,0.670449463131
Detroit Pistons,Philadelphia 76ers,0.767541539917
Portland Trail Blazers,Brooklyn Nets,0.917036829072
San Antonio Spurs,Minnesota Timberwolves,0.905817055332
Atlanta Hawks,Indiana Pacers,0.680573291212
Oklahoma City Thunder,Dallas Mavericks,0.597684340665
New Orleans Pelicans,Los Angeles Lakers,0.511270593119
Golden State Warriors,New York Knicks,0.820872958369
Boston Celtics,Phoenix Suns,0.670429594898
Utah Jazz,Sacramento Kings,0.503475046738
Washington Wizards,Orlando Magic,0.711370031047
Golden State Warriors,Atlanta Hawks,0.602156207454
Charlotte Hornets,Indiana Pacers,0.68654949383
Cleveland Cavaliers,Miami Heat,0.8001811099
Denver Nuggets,Sacramento Kings,0.628386474471
Detroit Pistons,Chicago Bulls,0.583045143569
Los Angeles Clippers,Boston Celtics,0.658760903611
Memphis Grizzlies,Brooklyn Nets,0.789745786236
Orlando Magic,New York Knicks,0.643983671037
Milwaukee Bucks,Philadelphia 76ers,0.645630741851
San Antonio Spurs,Houston Rockets,0.828354525912
Utah Jazz,New Orleans Pelicans,0.753748284656
Dallas Mavericks,Los Angeles Lakers,0.800693563673
Oklahoma City Thunder,Portland Trail Blazers,0.725702549107
Washington Wizards,Phoenix Suns,0.606160229022
Atlanta Hawks,Brooklyn Nets,0.893048289682
Denver Nuggets,Washington Wizards,0.520864104909
Golden State Warriors,Boston Celtics,0.843058601847
Houston Rockets,Utah Jazz,0.640724486885
Indiana Pacers,Detroit Pistons,0.711581467948
Miami Heat,Charlotte Hornets,0.669447525814
Milwaukee Bucks,New York Knicks,0.606148170434
Los Angeles Clippers,Minnesota Timberwolves,0.550201862338
Toronto Raptors,New Orleans Pelicans,0.701927813722
Chicago Bulls,Orlando Magic,0.52290893615
San Antonio Spurs,Sacramento Kings,0.892227433412
Cleveland Cavaliers,Detroit Pistons,0.67675997147
Los Angeles Clippers,Memphis Grizzlies,0.590067203243
Oklahoma City Thunder,San Antonio Spurs,0.665023312284
Phoenix Suns,Los Angeles Lakers,0.611172981816
Portland Trail Blazers,Philadelphia 76ers,0.946826426816
Atlanta Hawks,Toronto Raptors,0.541686405311
Chicago Bulls,Houston Rockets,0.573128430383
Charlotte Hornets,Orlando Magic,0.775196736495
Dallas Mavericks,Brooklyn Nets,0.852774088094
Boston Celtics,Denver Nuggets,0.548701000742
Indiana Pacers,Milwaukee Bucks,0.530199331727
Golden State Warriors,Minnesota Timberwolves,0.740884348527
Sacramento Kings,Washington Wizards,0.515650320338
Charlotte Hornets,New Orleans Pelicans,0.825411710733
Dallas Mavericks,Phoenix Suns,0.794843570102
Detroit Pistons,New York Knicks,0.734910921064
Los Angeles Clippers,Philadelphia 76ers,0.934798376092
Atlanta Hawks,Memphis Grizzlies,0.523034275595
Miami Heat,Toronto Raptors,0.56187554368
Milwaukee Bucks,Minnesota Timberwolves,0.642738530885
Oklahoma City Thunder,Utah Jazz,0.827127457137
Cleveland Cavaliers,Orlando Magic,0.762404589361
Portland Trail Blazers,Washington Wizards,0.760133857198
Sacramento Kings,Denver Nuggets,0.686064923135
San Antonio Spurs,Golden State Warriors,0.594962450857
Boston Celtics,Chicago Bulls,0.645151734264
New York Knicks,Brooklyn Nets,0.566821901826
Cleveland Cavaliers,Houston Rockets,0.661054446315
Indiana Pacers,Miami Heat,0.576032233248
Los Angeles Lakers,Philadelphia 76ers,0.736557868466
Portland Trail Blazers,Phoenix Suns,0.75029747693
Charlotte Hornets,Chicago Bulls,0.6574011889
Denver Nuggets,Los Angeles Lakers,0.724511266925
Memphis Grizzlies,Milwaukee Bucks,0.681827875208
Minnesota Timberwolves,Washington Wizards,0.558928187281
Sacramento Kings,Orlando Magic,0.598677539173
San Antonio Spurs,Atlanta Hawks,0.818414611019
Toronto Raptors,Dallas Mavericks,0.733660442463
Utah Jazz,Los Angeles Clippers,0.506876550962
Oklahoma City Thunder,Brooklyn Nets,0.833062204977
Cleveland Cavaliers,Detroit Pistons,0.879106679256
Golden State Warriors,Philadelphia 76ers,0.975546708895
Portland Trail Blazers,New Orleans Pelicans,0.694173043806
Indiana Pacers,New York Knicks,0.586958964821
Boston Celtics,Minnesota Timberwolves,0.808193176375
Chicago Bulls,Memphis Grizzlies,0.696838161093
Detroit Pistons,Utah Jazz,0.624240226522
Houston Rockets,Los Angeles Lakers,0.823243337076
Indiana Pacers,Charlotte Hornets,0.636605110663
Los Angeles Clippers,Milwaukee Bucks,0.835460725682
Miami Heat,New Orleans Pelicans,0.833059320843
Phoenix Suns,Sacramento Kings,0.502648941942
San Antonio Spurs,Portland Trail Blazers,0.731628881437
Washington Wizards,Dallas Mavericks,0.593964592016
Atlanta Hawks,Memphis Grizzlies,0.787963591803
Cleveland Cavaliers,Utah Jazz,0.859837395962
Los Angeles Clippers,Denver Nuggets,0.587779801177
Golden State Warriors,Orlando Magic,0.908663854548
New York Knicks,Brooklyn Nets,0.733889649122
Toronto Raptors,Oklahoma City Thunder,0.573119757744
Boston Celtics,Brooklyn Nets,0.727782463871
Toronto Raptors,Detroit Pistons,0.530383748212
Milwaukee Bucks,Los Angeles Lakers,0.502464571495
Miami Heat,Minnesota Timberwolves,0.824373778907
Houston Rockets,New Orleans Pelicans,0.561830492456
Dallas Mavericks,Philadelphia 76ers,0.813414058921
Orlando Magic,Phoenix Suns,0.523448802206
Washington Wizards,Chicago Bulls,0.578322382799
Atlanta Hawks,Portland Trail Blazers,0.550805713203
Chicago Bulls,Utah Jazz,0.578348202398
Charlotte Hornets,Washington Wizards,0.711063557871
Houston Rockets,Denver Nuggets,0.503596655168
Golden State Warriors,Milwaukee Bucks,0.93390124495
Cleveland Cavaliers,Los Angeles Clippers,0.595397255072
San Antonio Spurs,Memphis Grizzlies,0.707259023028
Oklahoma City Thunder,Sacramento Kings,0.889310990619
Dallas Mavericks,Brooklyn Nets,0.708643290274
Detroit Pistons,Phoenix Suns,0.807102363279
Cleveland Cavaliers,Los Angeles Lakers,0.882985977691
Miami Heat,Portland Trail Blazers,0.570911349218
New Orleans Pelicans,Minnesota Timberwolves,0.608495811966
Boston Celtics,Philadelphia 76ers,0.82734766517
San Antonio Spurs,Sacramento Kings,0.892227433412
Toronto Raptors,Indiana Pacers,0.746699788101
Boston Celtics,Washington Wizards,0.699856785988
Charlotte Hornets,Atlanta Hawks,0.675747352532
Houston Rockets,Denver Nuggets,0.798057311657
Indiana Pacers,Utah Jazz,0.675467552347
Los Angeles Clippers,New York Knicks,0.797748553403
Oklahoma City Thunder,Golden State Warriors,0.58771881751
Orlando Magic,Philadelphia 76ers,0.867985302349
Detroit Pistons,Brooklyn Nets,0.648154442883
Golden State Warriors,Dallas Mavericks,0.685721972934
Los Angeles Clippers,Los Angeles Lakers,0.756997146604
Miami Heat,Phoenix Suns,0.858362206551
San Antonio Spurs,Minnesota Timberwolves,0.672464290242
New Orleans Pelicans,Memphis Grizzlies,0.571767317108
Portland Trail Blazers,Milwaukee Bucks,0.863130953617
Toronto Raptors,Chicago Bulls,0.720870832238
Boston Celtics,Indiana Pacers,0.674826722845
Chicago Bulls,Detroit Pistons,0.619176396718
Cleveland Cavaliers,Denver Nuggets,0.775481142714
Oklahoma City Thunder,Philadelphia 76ers,0.966691510377
Charlotte Hornets,Orlando Magic,0.522924296723
Sacramento Kings,Milwaukee Bucks,0.679342107226
Utah Jazz,New York Knicks,0.711233742794
Washington Wizards,Atlanta Hawks,0.59831575478
Brooklyn Nets,Phoenix Suns,0.535617386286
Dallas Mavericks,Los Angeles Clippers,0.517215563028
Miami Heat,Toronto Raptors,0.56187554368
Portland Trail Blazers,New York Knicks,0.830473887236
San Antonio Spurs,Memphis Grizzlies,0.892032263276
Boston Celtics,Phoenix Suns,0.844723169401
Chicago Bulls,Philadelphia 76ers,0.892703565944
Cleveland Cavaliers,Charlotte Hornets,0.60407505611
Golden State Warriors,Sacramento Kings,0.916971201755
Houston Rockets,New Orleans Pelicans,0.787166364999
Indiana Pacers,Denver Nuggets,0.821816917711
Minnesota Timberwolves,Los Angeles Lakers,0.526547580852
Atlanta Hawks,Milwaukee Bucks,0.542567980651
Orlando Magic,Detroit Pistons,0.562338027314
Washington Wizards,Brooklyn Nets,0.859850453707
Cleveland Cavaliers,Washington Wizards,0.868808225786
Toronto Raptors,Dallas Mavericks,0.549488239862
Los Angeles Clippers,Utah Jazz,0.702699011712
Portland Trail Blazers,Minnesota Timberwolves,0.851334955991
San Antonio Spurs,New York Knicks,0.891627865251
Atlanta Hawks,Brooklyn Nets,0.893048289682
Boston Celtics,Miami Heat,0.585059988052
Charlotte Hornets,Phoenix Suns,0.851667337595
Denver Nuggets,New Orleans Pelicans,0.676208477572
Golden State Warriors,Memphis Grizzlies,0.916816663563
Oklahoma City Thunder,Houston Rockets,0.561679915417
Indiana Pacers,Philadelphia 76ers,0.926605743627
Los Angeles Clippers,Sacramento Kings,0.798750277267
Portland Trail Blazers,Los Angeles Lakers,0.796892748589
Chicago Bulls,Milwaukee Bucks,0.562975543773
Oklahoma City Thunder,Dallas Mavericks,0.597684340665
Detroit Pistons,New York Knicks,0.535279832343
Sacramento Kings,Memphis Grizzlies,0.62302076216
San Antonio Spurs,Cleveland Cavaliers,0.586344254049
Toronto Raptors,Orlando Magic,0.822728265217
Utah Jazz,New Orleans Pelicans,0.753748284656
Atlanta Hawks,Phoenix Suns,0.848142920737
Brooklyn Nets,Philadelphia 76ers,0.735297486163
Charlotte Hornets,Milwaukee Bucks,0.830430783259
Detroit Pistons,Miami Heat,0.52025686252
Golden State Warriors,Houston Rockets,0.65302239519
Indiana Pacers,Minnesota Timberwolves,0.802380288335
Washington Wizards,Los Angeles Lakers,0.667741239624
Portland Trail Blazers,Denver Nuggets,0.866756273262
Boston Celtics,Milwaukee Bucks,0.822699399555
Los Angeles Clippers,Washington Wizards,0.718433753399
Indiana Pacers,Memphis Grizzlies,0.510613855321
Dallas Mavericks,New Orleans Pelicans,0.582983803244
Miami Heat,New York Knicks,0.67654200754
Oklahoma City Thunder,Orlando Magic,0.678283384931
Atlanta Hawks,Philadelphia 76ers,0.810655544557
Utah Jazz,Sacramento Kings,0.503475046738
San Antonio Spurs,Golden State Warriors,0.594962450857
Toronto Raptors,Charlotte Hornets,0.720858442867
Cleveland Cavaliers,Chicago Bulls,0.717178835811
Detroit Pistons,Brooklyn Nets,0.862171579162
Minnesota Timberwolves,Los Angeles Lakers,0.754036749107
Los Angeles Clippers,Phoenix Suns,0.704641612651
Portland Trail Blazers,Houston Rockets,0.741833813886
Boston Celtics,Orlando Magic,0.765657661192
Charlotte Hornets,Denver Nuggets,0.834756428069
Cleveland Cavaliers,Philadelphia 76ers,0.973829489011
Golden State Warriors,Houston Rockets,0.865553252055
Dallas Mavericks,Memphis Grizzlies,0.527540930622
Miami Heat,New York Knicks,0.800615495559
Milwaukee Bucks,Detroit Pistons,0.522262570316
New Orleans Pelicans,Sacramento Kings,0.572263817838
Oklahoma City Thunder,San Antonio Spurs,0.665023312284
Toronto Raptors,Indiana Pacers,0.746699788101
Utah Jazz,Washington Wizards,0.614390985209
Orlando Magic,Brooklyn Nets,0.590766766864
Chicago Bulls,Atlanta Hawks,0.556324820033
Los Angeles Clippers,Los Angeles Lakers,0.860584294968
Minnesota Timberwolves,Sacramento Kings,0.663428251238
Portland Trail Blazers,Phoenix Suns,0.88085974176
Atlanta Hawks,Brooklyn Nets,0.704897778721
Cleveland Cavaliers,Indiana Pacers,0.854947461537
Golden State Warriors,Washington Wizards,0.876542960985
Memphis Grizzlies,Los Angeles Lakers,0.564198352513
Miami Heat,Denver Nuggets,0.842073023305
Dallas Mavericks,Milwaukee Bucks,0.547049904681
Chicago Bulls,New Orleans Pelicans,0.598573121359
Boston Celtics,New York Knicks,0.625701127072
Oklahoma City Thunder,Charlotte Hornets,0.801077768486
Houston Rockets,Phoenix Suns,0.629271305818
San Antonio Spurs,Utah Jazz,0.83137164518
Toronto Raptors,Philadelphia 76ers,0.949007918989
Cleveland Cavaliers,Orlando Magic,0.902718188099
Golden State Warriors,Minnesota Timberwolves,0.92769360085
Indiana Pacers,Toronto Raptors,0.525914119664
New Orleans Pelicans,Denver Nuggets,0.638408156478
Chicago Bulls,New York Knicks,0.618623661253
Oklahoma City Thunder,Milwaukee Bucks,0.911335754949
Brooklyn Nets,Philadelphia 76ers,0.509668602678
Dallas Mavericks,Sacramento Kings,0.530390002608
San Antonio Spurs,Memphis Grizzlies,0.892032263276
Portland Trail Blazers,Utah Jazz,0.5506238678
Washington Wizards,Charlotte Hornets,0.578307367522
Cleveland Cavaliers,Boston Celtics,0.616900474745
Charlotte Hornets,Miami Heat,0.598091552772
Toronto Raptors,Detroit Pistons,0.530383748212
Houston Rockets,Denver Nuggets,0.798057311657
Los Angeles Clippers,Dallas Mavericks,0.679695756453
Oklahoma City Thunder,Memphis Grizzlies,0.696134651425
Golden State Warriors,Phoenix Suns,0.847946297709
San Antonio Spurs,Los Angeles Lakers,0.927931946199
Atlanta Hawks,Boston Celtics,0.644281810085
Indiana Pacers,Milwaukee Bucks,0.81722671501
Washington Wizards,New York Knicks,0.558453922477
Orlando Magic,Brooklyn Nets,0.803206693051
Chicago Bulls,Philadelphia 76ers,0.823004489514
Portland Trail Blazers,Minnesota Timberwolves,0.851334955991
Cleveland Cavaliers,Atlanta Hawks,0.84866947413
San Antonio Spurs,Dallas Mavericks,0.610395766349
Denver Nuggets,New Orleans Pelicans,0.676208477572
Houston Rockets,Detroit Pistons,0.678866519514
Sacramento Kings,Los Angeles Lakers,0.563699627453
Memphis Grizzlies,New York Knicks,0.624720303315
Oklahoma City Thunder,Phoenix Suns,0.791537001808
Toronto Raptors,Miami Heat,0.666982883876
Utah Jazz,Minnesota Timberwolves,0.742213259422
Chicago Bulls,Brooklyn Nets,0.721776927133
Charlotte Hornets,Boston Celtics,0.650588400479
Golden State Warriors,New Orleans Pelicans,0.931692874716
Orlando Magic,Indiana Pacers,0.510149241593
Milwaukee Bucks,Philadelphia 76ers,0.645630741851
Portland Trail Blazers,Utah Jazz,0.74590525294
San Antonio Spurs,Los Angeles Clippers,0.774448426875
Washington Wizards,Miami Heat,0.515414002751
Cleveland Cavaliers,Atlanta Hawks,0.610663717929
Oklahoma City Thunder,Denver Nuggets,0.69413230774
Minnesota Timberwolves,Los Angeles Lakers,0.526547580852
Memphis Grizzlies,Detroit Pistons,0.541800193014
Toronto Raptors,New York Knicks,0.719237405039
Dallas Mavericks,Phoenix Suns,0.649201684433
Houston Rockets,Sacramento Kings,0.508816596285
Boston Celtics,Brooklyn Nets,0.890509239743
Chicago Bulls,Orlando Magic,0.674773353866
Detroit Pistons,Washington Wizards,0.642011966272
Golden State Warriors,Utah Jazz,0.868020684605
Los Angeles Clippers,Houston Rockets,0.698215365046
Cleveland Cavaliers,Miami Heat,0.591086618054
Charlotte Hornets,Milwaukee Bucks,0.562990692436
Indiana Pacers,Philadelphia 76ers,0.802902506224
Portland Trail Blazers,San Antonio Spurs,0.549152812254
Atlanta Hawks,Charlotte Hornets,0.651137642898
Dallas Mavericks,Denver Nuggets,0.773179703148
New Orleans Pelicans,Los Angeles Lakers,0.511270593119
Oklahoma City Thunder,Minnesota Timberwolves,0.660652106392
Sacramento Kings,Phoenix Suns,0.712960297221
Boston Celtics,Milwaukee Bucks,0.822699399555
Chicago Bulls,Brooklyn Nets,0.83778729078
Cleveland Cavaliers,Toronto Raptors,0.76578643134
Golden State Warriors,Los Angeles Lakers,0.944983699076
Houston Rockets,Minnesota Timberwolves,0.776733042805
Indiana Pacers,Atlanta Hawks,0.65549519783
Los Angeles Clippers,Sacramento Kings,0.798750277267
Dallas Mavericks,Memphis Grizzlies,0.527540930622
Miami Heat,Washington Wizards,0.722033244369
New York Knicks,Philadelphia 76ers,0.816265968405
Oklahoma City Thunder,Denver Nuggets,0.91381174746
Orlando Magic,Detroit Pistons,0.562338027314
Portland Trail Blazers,New Orleans Pelicans,0.858915333887
San Antonio Spurs,Utah Jazz,0.620190682165
